Workbook

Sheet Monthly
A1: Material | B1: Link (T-1 Prices) | C1: Link (Monthly Average) | E1: April'24 | F1: May'24 | G1: June'24 | H1: July'24 | I1: Aug'24 | J1: Sept'24 | K1: Oct'24 | L1: Nov'24 | M1: Dec'24 | N1: Jan'25 | O1: Feb'25 | P1: March'25 | Q1: April'25 | R1: May'25 | S1: June"25 | T1: July"25 | U1: Aug' 25 | V1: Sept' 25 | W1: Oct'25 | X1: Nov'25 | Y1: Dec'25 | Z1: Jan'26 | AA1: Feb'26 | AB1: Mar'26 | AC1: April'26 | AD1: May'26 | AE1: June'26 | AF1: July'26 | AG1: Aug'26 | AH1: Sept'26 | AI1: Current | AJ1: Link (Monthly Average) | AK1: url | AL1: Link (T-1 Prices) | AM1: Link (Monthly Average)
A2: Pig Iron(Raipur)(SG) | B2: Pig Iron Prices – Daily Market Rates & Trends | BigMint | C2: Pig Iron, DAP-Raipur, India | BigMint | E2: 40032.69 | F2: 42674.07 | G2: 39478 | H2: 38025.93 | I2: 36812 | J2: 36724 | K2: 38275 | L2: 34677.08 | M2: 32498 | N2: 32537.04 | O2: 33358.33 | P2: 35887.5 | Q2: 35834.6 | R2: 33538 | S2: 32810 | T2: 32987 | U2: 33672 | V2: 33092 | W2: 32255 | X2: 32388 | Y2: 33023 | Z2: 37477 | AA2: 38167 | AB2: 37790 | AC2: 39498 | AD2: 39017 | AE2: 37429 | AF2: 38205.77 | AG2: 38981.25 | AH2: 40275 | AI2: 40400 | AJ2: Pig Iron, DAP-Raipur, India | BigMint | AK2: https://www.bigmint.co/prices/detail/pig-iron-dap-raipur-india-1102-f-INR | AL2: Pig Iron Prices – Daily Market Rates & Trends | BigMint | AM2: Pig Iron, DAP-Raipur, India | BigMint
A3: Pig Iron(ludhiana-SG) | B3: Pig Iron Prices – Daily Market Rates & Trends | BigMint | C3: Pig Iron, DAP-Ludhiana, India | BigMint | E3: 41280.77 | F3: 43303.7 | G3: 41458.33 | H3: 40527.78 | I3: 39998 | J3: 38638 | K3: 39679.17 | L3: 38268.75 | M3: 36324 | N3: 35575.93 | O3: 36418.75 | P3: 38689.58 | Q3: 38457 | R3: 36253 | S3: 35856 | T3: 35422 | U3: 35737 | V3: 35221 | W3: 34707 | X3: 35044 | Y3: 35413 | Z3: 39548 | AA3: 40211 | AB3: 40060 | AC3: 42584 | AD3: 42265 | AE3: 41696 | AF3: 40644.23 | AG3: 41072.92 | AH3: 42072.73 | AI3: 42400 | AJ3: Pig Iron, DAP-Ludhiana, India | BigMint | AK3: https://www.bigmint.co/prices/detail/pig-iron-dap-ludhiana-india-1100-f-INR | AL3: Pig Iron Prices – Daily Market Rates & Trends | BigMint | AM3: Pig Iron, DAP-Ludhiana, India | BigMint
A4: Pig Iron(Durgapur SG) | B4: Pig Iron Prices – Daily Market Rates & Trends | BigMint | C4: Pig Iron, Exw-Durgapur, India | BigMint | E4: 40659.62 | F4: 42677.78 | G4: 38818 | H4: 37714.81 | I4: 36776 | J4: 36560 | K4: 39334.09 | L4: 35364 | M4: 33280 | N4: 33411.11 | O4: 33002.08 | P4: 35764.58 | Q4: 35128 | R4: 32914 | S4: 32378 | T4: 32461 | U4: 32583 | V4: 32494 | W4: 31645 | X4: 32204 | Y4: 32710 | Z4: 37254 | AA4: 38444 | AB4: 37923 | AC4: 40240 | AD4: 38348 | AE4: 37862 | AF4: 37819.23 | AG4: 38660.42 | AH4: 40263.64 | AI4: 41550 | AJ4: Pig Iron, Exw-Durgapur, India | BigMint | AK4: https://www.bigmint.co/prices/detail/pig-iron-exw-durgapur-india-1096-f-INR | AL4: Pig Iron Prices – Daily Market Rates & Trends | BigMint | AM4: Pig Iron, Exw-Durgapur, India | BigMint
A5: Pig Iron(Hyderabad SG) | B5: Pig Iron Prices – Daily Market Rates & Trends | BigMint | C5: Pig Iron, DAP-Hyderabad, India | BigMint | E5: 39188.46 | F5: 42151.85 | G5: 39488 | H5: 38329.63 | I5: 38140 | J5: 37552 | K5: 38362.5 | L5: 36580 | M5: 33742 | N5: 33300 | O5: 33812.5 | P5: 35570.83 | Q5: 36676 | R5: 35337 | S5: 33864 | T5: 33280 | U5: 32883 | V5: 32746 | W5: 32273 | X5: 32908 | Y5: 33008 | Z5: 37460 | AA5: 37811 | AB5: 37571 | AC5: 39124 | AD5: 38311 | AE5: 37127 | AF5: 37442.31 | AG5: 38862.5 | AH5: 40236.36 | AI5: 41000 | AJ5: Pig Iron, DAP-Hyderabad, India | BigMint | AK5: https://www.bigmint.co/prices/detail/pig-iron-dap-hyderabad-india-1098-f-INR | AL5: Pig Iron Prices – Daily Market Rates & Trends | BigMint | AM5: Pig Iron, DAP-Hyderabad, India | BigMint
A6: Pig Iron(ludhiana-FG) | B6: Pig Iron Prices – Daily Market Rates & Trends | BigMint | C6: Pig Iron, DAP-Ludhiana, India | BigMint | E6: 44919.23 | F6: 46353.85 | G6: 45012.5 | H6: 43366.67 | I6: 43736 | J6: 42672 | K6: 42762.5 | L6: 41108.33 | M6: 40016 | N6: 38700 | O6: 39004.17 | P6: 41917.39 | Q6: 42142 | R6: 39618 | S6: 38356 | T6: 38228 | U6: 38800 | V6: 38177 | W6: 37286 | X6: 38096 | Y6: 38096 | Z6: 41727 | AA6: 42628 | AB6: 43192 | AC6: 45324 | AD6: 44458 | AE6: 45644 | AF6: 45592.31 | AG6: 47266.67 | AH6: 47181.82 | AI6: 47000 | AJ6: Pig Iron, DAP-Ludhiana, India | BigMint | AK6: https://www.bigmint.co/prices/detail/pig-iron-dap-ludhiana-india-1108-f-INR | AL6: Pig Iron Prices – Daily Market Rates & Trends | BigMint | AM6: Pig Iron, DAP-Ludhiana, India | BigMint
A7: Pig Iron(Durgapur FG) | B7: Pig Iron Prices – Daily Market Rates & Trends | BigMint | C7: Pig Iron, Exw-Durgapur, India | BigMint | E7: 43961.54 | F7: 46384.62 | G7: 45060 | H7: 43611.11 | I7: 42300 | J7: 41500 | K7: 42409.09 | L7: 41100 | M7: 38740 | N7: 37500 | O7: 37500 | P7: 38978.26 | Q7: 40000 | R7: 29251 | S7: 37250 | T7: 37628 | U7: 38000 | V7: 37087 | W7: 37000 | X7: 37,000 | Y7: 37000 | Z7: 40000 | AA7: 41500 | AB7: 41500 | AC7: 44580 | AD7: 44308 | AE7: 43360 | AF7: 43000 | AG7: 44208.33 | AH7: 45000 | AI7: 45000 | AJ7: Pig Iron, Exw-Durgapur, India | BigMint | AK7: https://www.bigmint.co/prices/detail/pig-iron-exw-durgapur-india-1105-f-INR | AL7: Pig Iron Prices – Daily Market Rates & Trends | BigMint | AM7: Pig Iron, Exw-Durgapur, India | BigMint
A8: End Cutting(Raipur) | B8: Melting Scrap Prices – Live Market Updates | BigMint | C8: Melting Scrap, DAP-Raipur, India | BigMint | E8: 38421.15 | F8: 40285.19 | G8: 38964 | H8: 37259.26 | I8: 36046 | J8: 35558 | K8: 37041.67 | L8: 35408.33 | M8: 34130 | N8: 34490.74 | O8: 34550 | P8: 35764.58 | Q8: 35778 | R8: 34183 | S8: 33718 | T8: 33058 | U8: 33691 | V8: 33958 | W8: 32732 | X8: 33016 | Y8: 33498 | Z8: 35733 | AA8: 36389 | AB8: 36997 | AC8: 37844 | AD8: 37096 | AE8: 36612 | AF8: 36375 | AG8: 37002.08 | AH8: 38336.36 | AI8: 39000 | AJ8: Melting Scrap, DAP-Raipur, India | BigMint | AK8: https://www.bigmint.co/prices/detail/melting-scrap-dap-raipur-india-1040-f-INR | AL8: Melting Scrap Prices – Live Market Updates | BigMint | AM8: Melting Scrap, DAP-Raipur, India | BigMint
A9: HMS 80:20(Raipur) | B9: Melting Scrap Prices – Live Market Updates | BigMint | C9: Melting Scrap, DAP-Raipur, India | BigMint | E9: 36413.46 | F9: 38329.63 | G9: 36952 | H9: 35264.81 | I9: 34046 | J9: 33558 | K9: 35041.67 | L9: 33408.33 | M9: 32130 | N9: 32490.74 | O9: 32550 | P9: 33766.67 | Q9: 33778 | R9: 32181 | S9: 31718 | T9: 31054 | U9: 31691 | V9: 31942 | W9: 30714 | X9: 30996 | Y9: 31465 | Z9: 33678 | AA9: 34347 | AB9: 34888 | AC9: 35796 | AD9: 35063 | AE9: 34450 | AF9: 34161.54 | AG9: 34693.75 | AH9: 36377.27 | AI9: 36800 | AJ9: Melting Scrap, DAP-Raipur, India | BigMint | AK9: https://www.bigmint.co/prices/detail/melting-scrap-dap-raipur-india-1041-f-INR | AL9: Melting Scrap Prices – Live Market Updates | BigMint | AM9: Melting Scrap, DAP-Raipur, India | BigMint
A10: P-DRI (RAIPUR) | B10: Sponge Iron Prices – Daily Market Rates | BigMint | C10: Sponge Iron, PDRI, Exw-Raipur, India | BigMint | E10: 29067.31 | F10: 29253.7 | G10: 26708 | H10: 25572.22 | I10: 24666 | J10: 25510 | K10: 27500 | L10: 25552.08 | M10: 24650 | N10: 24477.78 | O10: 24812.5 | P10: 25587.5 | Q10: 25759 | R10: 24151 | S10: 22862 | T10: 23664 | U10: 24093 | V10: 24082 | W10: 22905 | X10: 23412 | Y10: 23261 | Z10: 24683 | AA10: 27081 | AB10: 26725 | AC10: 26420 | AD10: 25358 | AE10: 24183 | AF10: 23915.38 | AG10: 26812.5 | AH10: 29031.82 | AI10: 29650 | AJ10: Sponge Iron, PDRI, Exw-Raipur, India | BigMint | AK10: https://www.bigmint.co/prices/detail/sponge-iron-pdri-exw-raipur-india-1091-f-INR | AL10: Sponge Iron Prices – Daily Market Rates | BigMint | AM10: Sponge Iron, PDRI, Exw-Raipur, India | BigMint
A11: TMT(Mumbai) IF FE500 | B11: Rebar Prices – Daily Steel TMT & Rebar Market Rates | BigMint | C11: Rebar, Exw-Mumbai, India | BigMint | E11: 50542.31 | F11: 52922.22 | G11: 50512 | H11: 46714.81 | I11: 45268 | J11: 45736 | K11: 48254.17 | L11: 47479.17 | M11: 46896 | N11: 47074.07 | O11: 47945.83 | P11: 49358.33 | Q11: 49403 | R11: 47796 | S11: 44820 | T11: 43484 | U11: 45418 | V11: 44138 | W11: 42232 | X11: 42708 | Y11: 44965 | Z11: 49444 | AA11: 49906 | AB11: 51026 | AC11: 52156 | AD11: 47680 | AE11: 45581 | AF11: 43907.69 | AG11: 47237.5 | AH11: 50181.82 | AI11: 51400 | AJ11: Rebar, Exw-Mumbai, India | BigMint | AK11: https://www.bigmint.co/prices/detail/rebar-exw-mumbai-india-1122-f-INR | AL11: Rebar Prices – Daily Steel TMT & Rebar Market Rates | BigMint | AM11: Rebar, Exw-Mumbai, India | BigMint
A12: TMT(Raipur) IF FE500 | B12: Rebar Prices – Daily Steel TMT & Rebar Market Rates | BigMint | C12: Rebar, Exw-Raipur, India | BigMint | E12: 46315.38 | F12: 47725.93 | G12: 46328 | H12: 42385.19 | I12: 41492 | J12: 41944 | K12: 44304.17 | L12: 42600 | M12: 42020 | N12: 41755.56 | O12: 42587.5 | P12: 44304.17 | Q12: 45496 | R12: 43585 | S12: 41184 | T12: 39628 | U12: 39822 | V12: 39648 | W12: 38095 | X12: 38248 | Y12: 40015 | Z12: 43804 | AA12: 44772 | AB12: 46075 | AC12: 47060 | AD12: 43565 | AE12: 41646 | AF12: 40100 | AG12: 41733.33 | AH12: 44772.73 | AI12: 46500 | AJ12: Rebar, Exw-Raipur, India | BigMint | AK12: https://www.bigmint.co/prices/detail/rebar-exw-raipur-india-1117-f-INR | AL12: Rebar Prices – Daily Steel TMT & Rebar Market Rates | BigMint | AM12: Rebar, Exw-Raipur, India | BigMint
A13: TMT (MUMBAI) BF FE500D | B13: Rebar Prices – Daily Steel TMT & Rebar Market Rates | BigMint | C13: Rebar, Exy-Mumbai, India | BigMint | E13: 54550 | F13: 58340 | G13: 57375 | H13: 53375 | I13: 50180 | J13: 50425 | K13: 53750 | L13: 54475 | M13: 52875 | N13: 52340 | O13: 52800 | P13: 54925 | Q13: 57050 | R13: 56280 | S13: 52525 | T13: 48750 | U13: 48080 | V13: 47075 | W13: 47000 | X13: 47000 | Y13: 47750 | Z13: 54483 | AA13: 58533 | AB13: 59756 | AC13: 60250 | AD13: 57789 | AE13: 52544 | AF13: 49077.78 | AG13: 53293.75 | AH13: 57575 | AI13: 58150 | AJ13: Rebar, Exy-Mumbai, India | BigMint | AK13: https://www.bigmint.co/prices/detail/rebar-exy-mumbai-india-1127-f-INR | AL13: Rebar Prices – Daily Steel TMT & Rebar Market Rates | BigMint | AM13: Rebar, Exy-Mumbai, India | BigMint
A14: M.S Billets | B14: Billet, Bloom & Ingot Prices – Steel Market Rates Today | BigMint | C14: Billet Index, Exw-Raipur, India | BigMint | E14: 42857.69 | F14: 44537.04 | G14: 42546 | H14: 39368.52 | I14: 38504 | J14: 38342 | K14: 40679.17 | L14: 39197.92 | M14: 38932 | N14: 39070.37 | O14: 39335.42 | P14: 40662.5 | Q14: 41371 | R14: 39868 | S14: 37878 | T14: 36974 | U14: 37430 | V14: 36787 | W14: 35152 | X14: 35554 | Y14: 37175 | Z14: 40504 | AA14: 41236 | AB14: 41600 | AC14: 42474 | AD14: 40148 | AE14: 38819 | AF14: 38164.81 | AG14: 39650 | AH14: 42631.82 | AI14: 44000 | AJ14: Billet Index, Exw-Raipur, India | BigMint | AK14: https://www.bigmint.co/prices/detail/billet-index-exw-raipur-india-1067-f-INR | AL14: Billet, Bloom & Ingot Prices – Steel Market Rates Today | BigMint | AM14: Billet Index, Exw-Raipur, India | BigMint
A15: M.S Ingots | B15: Billet, Bloom & Ingot Prices – Steel Market Rates Today | BigMint | C15: Ingot, Exw-Raipur, India | BigMint | E15: 42425 | F15: 44040.74 | G15: 42212 | H15: 38972.22 | I15: 38200 | J15: 38068 | K15: 40416.67 | L15: 38879.17 | M15: 38636 | N15: 38703.7 | O15: 38962.5 | P15: 40214.58 | Q15: 41069 | R15: 39540 | S15: 37646 | T15: 36660 | U15: 37091 | V15: 36398 | W15: 34736 | X15: 35154 | Y15: 36725 | Z15: 40050 | AA15: 40792 | AB15: 41256 | AC15: 42098 | AD15: 39773 | AE15: 38433 | AF15: 37824.07 | AG15: 39256.25 | AH15: 42168.18 | AI15: 43500 | AJ15: Ingot, Exw-Raipur, India | BigMint | AK15: https://www.bigmint.co/prices/detail/ingot-exw-raipur-india-1275-f-INR | AL15: Billet, Bloom & Ingot Prices – Steel Market Rates Today | BigMint | AM15: Ingot, Exw-Raipur, India | BigMint
A16: Pellet 6-20 mm FE 63% (Raipur) | B16: Iron Ore Pellets Prices – Live Market Updates | BigMint | C16: Pellet Index, PELLEX, DAP-Raipur, India | BigMint | E16: 9683.33 | F16: 10533.33 | G16: 10306.25 | H16: 9183.33 | I16: 8972.22 | J16: 8756.25 | K16: 10144.44 | L16: 9655.56 | M16: 9183.33 | N16: 9533.33 | O16: 9818.75 | P16: 9978.57 | Q16: 10161.11 | R16: 9522 | S16: 9087 | T16: 9450 | U16: 10211 | V16: 10278 | W16: 10186 | X16: 9769 | Y16: 9500 | Z16: 9772 | AA16: 10433 | AB16: 10867 | AC16: 10606 | AD16: 9817 | AE16: 9278 | AF16: 9683.33 | AG16: 10431.25 | AH16: 11000 | AI16: 11000 | AJ16: Pellet Index, PELLEX, DAP-Raipur, India | BigMint | AK16: https://www.bigmint.co/prices/detail/pellet-index-pellex-dap-raipur-india-1401-f-INR | AL16: Iron Ore Pellets Prices – Live Market Updates | BigMint | AM16: Pellet Index, PELLEX, DAP-Raipur, India | BigMint
A17: HRC ( 2.5-8mm,IS2062)Gr-E-250 (Mumbai) | B17: HRC Prices – Hot Rolled Coil Market Rates Today | BigMint | C17: HRC, Exy-Mumbai, India | BigMint | E17: 52627.78 | F17: 54100 | G17: 53837.5 | H17: 52266.67 | I17: 50544.44 | J17: 48028.57 | K17: 48222.22 | L17: 48062.5 | M17: 46877.78 | N17: 47044.44 | O17: 48412.5 | P17: 50342.86 | Q17: 52033 | R17: 52033 | S17: 51050 | T17: 49422 | U17: 49894 | V17: 49144 | W17: 48033 | X17: 46750 | Y17: 47100 | Z17: 51989 | AA17: 53717 | AB17: 56611 | AC17: 59063 | AD17: 58456 | AE17: 58267 | AF17: 57888.89 | AG17: 58575 | AH17: 62100 | AI17: 62200 | AJ17: HRC, Exy-Mumbai, India | BigMint | AK17: https://www.bigmint.co/prices/detail/hrc-exy-mumbai-india-1234-f-INR | AL17: HRC Prices – Hot Rolled Coil Market Rates Today | BigMint | AM17: HRC, Exy-Mumbai, India | BigMint
A18: CRC ( 0.90,IS513) CR1(Mumbai) | B18: CRC Prices – Cold Rolled Coil Market Rates Today | BigMint | C18: CRC, Exy-Mumbai, India | BigMint | E18: 61200 | F18: 61011.11 | G18: 60337.5 | H18: 59555.56 | I18: 57688.89 | J18: 55942.86 | K18: 55733.33 | L18: 55237.5 | M18: 53577.78 | N18: 53533.33 | O18: 54537.5 | P18: 56971.43 | Q18: 58588 | R18: 58900 | S18: 58062 | T18: 56289 | U18: 56922 | V18: 56250 | W18: 55483 | X18: 54838 | Y18: 54500 | Z18: 57822 | AA18: 59633 | AB18: 63244 | AC18: 66463 | AD18: 65222 | AE18: 65200 | AF18: 64988.89 | AG18: 65725 | AH18: 71400 | AI18: 72000 | AJ18: CRC, Exy-Mumbai, India | BigMint | AK18: https://www.bigmint.co/prices/detail/crc-exy-mumbai-india-1243-f-INR | AL18: CRC Prices – Cold Rolled Coil Market Rates Today | BigMint | AM18: CRC, Exy-Mumbai, India | BigMint
A19: HR PLATE (20-40mm, Gr E-250 | B19: HR Plate Prices – Hot Rolled Plate Market Rates Today | BigMint | C19: HR Plate, Exy-Mumbai, India | BigMint | E19: 57175 | F19: 57800 | G19: 58000 | H19: 56840 | I19: 54925 | J19: 53266.67 | K19: 53575 | L19: 52525 | M19: 50840 | N19: 52125 | O19: 52400 | P19: 53475 | Q19: 55100 | R19: 55200 | S19: 54850 | T19: 54475 | U19: 54525 | V19: 54125 | W19: 52575 | X19: 52100 | Y19: 51740 | Z19: 55250 | AA19: 58100 | AB19: 59200 | AC19: 61980 | AD19: 60725 | AE19: 60700 | AF19: 60440 | AG19: 61450 | AH19: 63900 | AI19: 63900 | AJ19: HR Plate, Exy-Mumbai, India | BigMint | AK19: https://www.bigmint.co/prices/detail/hr-plate-exy-mumbai-india-1496-f-INR | AL19: HR Plate Prices – Hot Rolled Plate Market Rates Today | BigMint | AM19: HR Plate, Exy-Mumbai, India | BigMint
... A22: ERW PIPE HR COIL ( DELHI) | B22: Steel Pipes Prices – Market Rates for MS & GI Pipes | BigMint | C22: ERW Pipe (HR Coil based), Exy-Delhi, India | BigMint | E22: 61750 | F22: 61800 | G22: 61750 | H22: 59000 | I22: 55750 | J22: 52500 | K22: 52000 | L22: 52750 | M22: 52500 | N22: 52500 | O22: 54250 | P22: 57000 | Q22: 59880 | R22: 60625 | S22: 59500 | T22: 57125 | U22: 57000 | V22: 57000 | W22: 56300 | X22: 55650 | Y22: 54900 | Z22: 59850 | AA22: 61067 | AB22: 61788 | AC22: 66260 | AD22: 65100 | AE22: 63350 | AF22: 62080 | AG22: 62350 | AH22: 63950 | AI22: 64400 | AJ22: ERW Pipe (HR Coil based), Exy-Delhi, India | BigMint | AK22: https://www.bigmint.co/prices/detail/erw-pipe-hr-coil-based-exy-delhi-india-1426-f-INR | AL22: Steel Pipes Prices – Market Rates for MS & GI Pipes | BigMint | AM22: ERW Pipe (HR Coil based), Exy-Delhi, India | BigMint
A23: Galvalume, Exy-Mumbai, (0.5mm/CTL, 1220mm, AZ 150) | E23: 83600 | F23: 83260 | G23: 83075 | H23: 81625 | I23: 79140 | J23: 77275 | K23: 76425 | L23: 76675 | M23: 75200 | N23: 74060 | O23: 74525 | P23: 76025 | Q23: 77775 | R23: 79460 | S23: 78000 | T23: 76580 | U23: 79600 | V23: 77625 | W23: 76188 | X23: 75625 | Y23: 74575 | Z23: 77180 | AA23: 79667 | AB23: 83475 | AC23: 90160 | AD23: 89325 | AE23: 89875 | AF23: 89580 | AG23: 90000 | AH23: 90000 | AI23: 90000 | AJ23: Galvalume, Exy-Mumbai, India (0.5mm / CTL, 1220mm, AZ 150, IS15961) | AK23: https://www.bigmint.co/prices/detail/galvalume-exy-mumbai-india-1521-f-INR
A24: Galvalume, Exy-Mumbai, (0.5mm/CTL, 1220mm, AZ 70) | E24: 80600 | F24: 80260 | G24: 80075 | H24: 78625 | I24: 76120 | J24: 74325 | K24: 73800 | L24: 73775 | M24: 72175 | N24: 71060 | O24: 71350 | P24: 72950 | Q24: 74775 | R24: 76460 | S24: 75250 | T24: 73560 | U24: 76600 | V24: 74625 | W24: 73188 | X24: 72625 | Y24: 71575 | Z24: 74180 | AA24: 76666 | AB24: 80475 | AC24: 87160 | AD24: 86325 | AE24: 86875 | AF24: 86580 | AG24: 87000 | AH24: 87000 | AI24: 87000 | AJ24: Galvalume, Exy-Mumbai, India (0.5mm / CTL, 1220mm, AZ 70, IS15961) | AK24: https://www.bigmint.co/prices/detail/galvalume-exy-mumbai-india-1518-f-INR
A25: PPGI, Exy-Mumbai, India (0.5mm / CTL, 90 GSM, IS14246) | E25: — | F25: — | G25: — | H25: — | I25: — | J25: — | K25: — | L25: — | M25: — | N25: — | O25: — | P25: — | Q25: 73425 | R25: 74440 | S25: 74025 | T25: 77620 | U25: 73750 | V25: 73150 | W25: 69925 | X25: 68600 | Y25: 69175 | Z25: 73720 | AA25: 77100 | AB25: 79000 | AC25: 87700 | AD25: 85700 | AE25: 85275 | AF25: 84800 | AG25: 85450 | AH25: 87150 | AI25: 87300 | AJ25: PPGI, Exy-Mumbai, India (0.5mm / CTL, 90 GSM, IS14246) | AK25: https://www.bigmint.co/prices/detail/ppgi-exy-mumbai-india-1369-f-INR
A26: Hrc Exy Kolkata | AK26: https://www.bigmint.co/prices/detail/hrc-exy-kolkata-india-1231-f-INR
A27: Hrc Exy Chennai | AK27: https://www.bigmint.co/prices/detail/hrc-exy-chennai-india-1235-f-INR
A28: Hrc Exy Hyderabad | AK28: https://www.bigmint.co/prices/detail/hrc-exy-hyderabad-india-1236-f-INR
A29: Hrc Exy Bangalore | AK29: https://www.bigmint.co/prices/detail/hrc-exy-bangalore-india-1390-f-INR
A30: Hrc Exy Faridabad | AK30: https://www.bigmint.co/prices/detail/hrc-exy-faridabad-india-1229-f-INR
A31: Hrc Exy Delhi | AK31: https://www.bigmint.co/prices/detail/hrc-exy-delhi-india-1228-f-INR
A32: Hrc Exy Ludhiana | AK32: https://www.bigmint.co/prices/detail/hrc-exy-ludhiana-india-1230-f-INR
A33: Hrc Exy Ahmedabad | AK33: https://www.bigmint.co/prices/detail/hrc-exy-ahmedabad-india-1233-f-INR
A34: Gp Exy Hyderabad | AK34: https://www.bigmint.co/prices/detail/gp-exy-hyderabad-india-1679-f-INR
A35: Gp Exy Chennai | AK35: https://www.bigmint.co/prices/detail/gp-exy-chennai-india-1680-f-INR
A36: Gp Exy Delhi | AK36: https://www.bigmint.co/prices/detail/gp-exy-delhi-india-1681-f-INR
A37: Rebar Exy Raipur | AK37: https://www.bigmint.co/prices/detail/rebar-exy-raipur-india-1922-f-INR
... A39: Rebar Exw Jalna | AK39: https://www.bigmint.co/prices/detail/rebar-exw-jalna-india-1121-f-INR

Sheet HRC 
A1: Material | B1: April'26 | F1: May'26 | J1: June'26 | N1: July'26 | R1: URL
B2: Country Currency | C2: In INR | D2: Duty Added | E2: Total | F2: Country Currency | G2: In INR | H2: Duty Added | I2: Total | J2: Country Currency | K2: In INR | L2: Duty Added | M2: Total | N2: Country Currency | O2: In INR | P2: Duty Added | Q2: Total
A3: HRC, Exw-Tianjin, China | B3: 3149.55 | C3: =B3*14.26 | D3: =C3*11.5% | E3: =C3+D3 | F3: 3272.78 | G3: =F3*14.26 | H3: =G3*11.5% | I3: =G3+H3 | J3: 3183.33 | K3: =J3*14.26 | L3: =K3*11.5% | M3: =K3+L3 | N3: 3111.33 | O3: =N3*14.26 | P3: =O3*11.5% | Q3: =O3+P3 | R3: https://www.bigmint.co/prices/detail/hrc-exw-tianjin-china-3108-f-rmb
A4: HRC, FOB Rizhao, China | B4: 505 | C4: =B4*96.47 | D4: =C4*11.5% | E4: =C4+D4 | F4: 517.5 | G4: =F4*96.47 | H4: =G4*11.5% | I4: =G4+H4 | J4: 516 | K4: =J4*96.47 | L4: =K4*11.5% | M4: =K4+L4 | N4: 498.33 | O4: =N4*96.47 | P4: =O4*11.5% | Q4: =O4+P4 | R4: https://www.bigmint.co/prices/detail/hrc-fob-rizhao-china-55-fob-usd
A5: HRC, FOB Tokyo, Japan | B5: 98000 | C5: =B5*0.59 | D5: =C5*11.5% | E5: =C5+D5 | F5: 98000 | G5: =F5*0.59 | H5: =G5*11.5% | I5: =G5+H5 | J5: 0 | K5: =J5*0.59 | L5: =K5*11.5% | M5: =K5+L5 | N5: 100000 | O5: =N5*0.59 | P5: =O5*11.5% | Q5: =O5+P5 | R5: https://www.bigmint.co/prices/detail/hrc-tokyo-steel-fot-3105-f-yen
A6: HRC, Futures (SHFE), China | B6: 3324 | C6: =B6*14.26 | D6: =C6*11.5% | E6: =C6+D6 | F6: 0 | G6: =F6*14.26 | H6: =G6*11.5% | I6: =G6+H6 | J6: 3356.05 | K6: =J6*14.26 | L6: =K6*11.5% | M6: =K6+L6 | N6: 3295.56 | O6: =N6*14.26 | P6: =O6*11.5% | Q6: =O6+P6 | R6: https://www.bigmint.co/prices/detail/hrc-futures-shfe-china-oct-2025-3017-f-rmb
A7: HRC (2.5-8mm, IS2062) Gr-E-350 (Mumbai) | B7: 62062.5 | C7: 62062.5 | D7: 0 | E7: =C7+D7 | F7: 61455.56 | G7: 61455.56 | H7: 0 | I7: =G7+H7 | J7: 61266.67 | K7: 61266.67 | L7: 0 | M7: =K7+L7 | N7: 60966.67 | O7: 60966.67 | P7: 0 | Q7: =O7+P7 | R7: https://www.bigmint.co/prices/detail/hrc-exy-mumbai-india-1661-f-inr
A8: HRC (1.8mm, IS2062) Gr-E-250 (Mumbai) | B8: 60562.5 | C8: 60562.5 | D8: 0 | E8: =C8+D8 | F8: 59955.56 | G8: 59955.56 | H8: 0 | I8: =G8+H8 | J8: 61266.67 | K8: 61266.67 | L8: 0 | M8: =K8+L8 | N8: 60966.67 | O8: 60966.67 | P8: 0 | Q8: =O8+P8 | R8: https://www.bigmint.co/prices/detail/hrc-exy-mumbai-india-1436-f-inr
A9: HRC (2.5-8mm, IS2062) Gr-E-250 (Mumbai) | B9: 59062.5 | C9: 59062.5 | D9: 0 | E9: =C9+D9 | F9: 58455.56 | G9: 58455.56 | H9: 0 | I9: =G9+H9 | J9: 58266.67 | K9: 58266.67 | L9: 0 | M9: =K9+L9 | N9: 57966.67 | O9: 57966.67 | P9: 0 | Q9: =O9+P9 | R9: https://www.bigmint.co/prices/detail/hrc-exy-mumbai-india-1234-f-inr
H17: _

Sheet Iron Ore and Scrap
A1: Material | B1: April'26 | F1: May'26 | J1: June'26 | N1: July'26 | R1: URL
B2: Country Currency | C2: In INR | D2: Duty Added | E2: Total | F2: Country Currency | G2: In INR | H2: Duty Added | I2: Total | J2: Country Currency | K2: In INR | L2: Duty Added | M2: Total | N2: Country Currency | O2: In INR | P2: Duty Added | Q2: Total
A3: Melting Scrap, Shagang Steel DAP Jiangsu, China | R3: https://www.bigmint.co/prices/detail/melting-scrap-shagang-steel-dap-jiangsu-china-3007-f-RMB
A4: Melting Scrap HMS bulk, CFR, China | R4: https://www.bigmint.co/prices/detail/melting-scrap-hms-bulk-cfr-china-5427-cnf-USD
A5: Melting Scrap Shredded, CFR, China | R5: https://www.bigmint.co/prices/detail/melting-scrap-shredded-cfr-china-5429-cnf-USD
A6: Melting Scrap, Tokyo Steel DAP Utsunomiya, Japan | R6: https://www.bigmint.co/prices/detail/melting-scrap-tokyo-steel-dap-utsunomiya-japan-3002-f-YEN
A7: Melting Scrap, Kanto Tetsugen Tender, FAS Japan | R7: https://www.bigmint.co/prices/detail/melting-scrap-kanto-tetsugen-tender-fas-japan-3005-f-YEN
A8: Melting Scrap, FOB Tokyo Bay, Japan | R8: https://www.bigmint.co/prices/detail/melting-scrap-fob-tokyo-bay-japan-3001-f-YEN
H17: _

Sheet Billets and Rounds
A1: Material | B1: April'26 | F1: May'26 | J1: June'26 | N1: July'26 | R1: URL
B2: Country Currency | C2: In INR | D2: Duty Added | E2: Total | F2: Country Currency | G2: In INR | H2: Duty Added | I2: Total | J2: Country Currency | K2: In INR | L2: Duty Added | M2: Total | N2: Country Currency | O2: In INR | P2: Duty Added | Q2: Total
H17: _

Sheet Quarterly
A1: Material | B1: 2024-2025 | F1: 2025-2026 | J1: 2026-27
B2: Quarter 1 | C2: Quarter 2 | D2: Quarter 3 | E2: Quarter 4 | F2: Quarter 1 | G2: Quarter 2 | H2: Quarter 3 | I2: Quarter 4 | J2: Quarter 1 | K2: Quarter 2 | L2: Quarter 3 | M2: Quarter 4
A3: Pig Iron(Raipur)(SG) | B3: =AVERAGE(Monthly!E2:G2) | C3: =AVERAGE(Monthly!H2:J2) | D3: =AVERAGE(Monthly!K2:M2) | E3: =AVERAGE(Monthly!N2:P2) | F3: =AVERAGE(Monthly!Q2:S2) | G3: =AVERAGE(Monthly!T2:V2) | H3: =AVERAGE(Monthly!W2:Y2) | I3: =AVERAGE(Monthly!Z2:AB2) | J3: =AVERAGE(Monthly!AC2:AE2)
A4: Pig Iron(ludhiana-SG) | B4: =AVERAGE(Monthly!E3:G3) | C4: =AVERAGE(Monthly!H3:J3) | D4: =AVERAGE(Monthly!K3:M3) | E4: =AVERAGE(Monthly!N3:P3) | F4: =AVERAGE(Monthly!Q3:S3) | G4: =AVERAGE(Monthly!T3:V3) | H4: =AVERAGE(Monthly!W3:Y3) | I4: =AVERAGE(Monthly!Z3:AB3) | J4: =AVERAGE(Monthly!AC3:AE3)
A5: Pig Iron(Durgapur SG) | B5: =AVERAGE(Monthly!E4:G4) | C5: =AVERAGE(Monthly!H4:J4) | D5: =AVERAGE(Monthly!K4:M4) | E5: =AVERAGE(Monthly!N4:P4) | F5: =AVERAGE(Monthly!Q4:S4) | G5: =AVERAGE(Monthly!T4:V4) | H5: =AVERAGE(Monthly!W4:Y4) | I5: =AVERAGE(Monthly!Z4:AB4) | J5: =AVERAGE(Monthly!AC4:AE4)
A6: Pig Iron(Hyderabad SG) | B6: =AVERAGE(Monthly!E5:G5) | C6: =AVERAGE(Monthly!H5:J5) | D6: =AVERAGE(Monthly!K5:M5) | E6: =AVERAGE(Monthly!N5:P5) | F6: =AVERAGE(Monthly!Q5:S5) | G6: =AVERAGE(Monthly!T5:V5) | H6: =AVERAGE(Monthly!W5:Y5) | I6: =AVERAGE(Monthly!Z5:AB5) | J6: =AVERAGE(Monthly!AC5:AE5)
A7: Pig Iron(ludhiana-FG) | B7: =AVERAGE(Monthly!E6:G6) | C7: =AVERAGE(Monthly!H6:J6) | D7: =AVERAGE(Monthly!K6:M6) | E7: =AVERAGE(Monthly!N6:P6) | F7: =AVERAGE(Monthly!Q6:S6) | G7: =AVERAGE(Monthly!T6:V6) | H7: =AVERAGE(Monthly!W6:Y6) | I7: =AVERAGE(Monthly!Z6:AB6) | J7: =AVERAGE(Monthly!AC6:AE6)
A8: Pig Iron(Durgapur FG) | B8: =AVERAGE(Monthly!E7:G7) | C8: =AVERAGE(Monthly!H7:I7) | D8: =AVERAGE(Monthly!J7:M7) | E8: =AVERAGE(Monthly!N7:P7) | F8: =AVERAGE(Monthly!Q7:S7) | G8: =AVERAGE(Monthly!T7:V7) | H8: =AVERAGE(Monthly!W7:Y7) | I8: =AVERAGE(Monthly!Z7:AB7) | J8: =AVERAGE(Monthly!AC7:AE7)
A9: End Cutting(Raipur) | B9: =AVERAGE(Monthly!E8:G8) | C9: =AVERAGE(Monthly!H8:J8) | D9: =AVERAGE(Monthly!K8:M8) | E9: =AVERAGE(Monthly!N8:P8) | F9: =AVERAGE(Monthly!Q8:S8) | G9: =AVERAGE(Monthly!T8:V8) | H9: =AVERAGE(Monthly!W8:Y8) | I9: =AVERAGE(Monthly!Z8:AB8) | J9: =AVERAGE(Monthly!AC8:AE8)
A10: HMS 80:20(Raipur) | B10: =AVERAGE(Monthly!E9:G9) | C10: =AVERAGE(Monthly!H9:J9) | D10: =AVERAGE(Monthly!K9:M9) | E10: =AVERAGE(Monthly!N9:P9) | F10: =AVERAGE(Monthly!Q9:S9) | G10: =AVERAGE(Monthly!T9:V9) | H10: =AVERAGE(Monthly!W9:Y9) | I10: =AVERAGE(Monthly!Z9:AB9) | J10: =AVERAGE(Monthly!AC9:AE9)
A11: P-DRI (RAIPUR) | B11: =AVERAGE(Monthly!E10:G10) | C11: =AVERAGE(Monthly!H10:J10) | D11: =AVERAGE(Monthly!K10:M10) | E11: =AVERAGE(Monthly!N10:P10) | F11: =AVERAGE(Monthly!Q10:S10) | G11: =AVERAGE(Monthly!T10:V10) | H11: =AVERAGE(Monthly!W10:Y10) | I11: =AVERAGE(Monthly!Z10:AB10) | J11: =AVERAGE(Monthly!AC10:AE10)
A12: TMT(Mumbai) IF FE500 | B12: =AVERAGE(Monthly!E11:G11) | C12: =AVERAGE(Monthly!H11:J11) | D12: =AVERAGE(Monthly!K11:M11) | E12: =AVERAGE(Monthly!N11:P11) | F12: =AVERAGE(Monthly!Q11:S11) | G12: =AVERAGE(Monthly!T11:V11) | H12: =AVERAGE(Monthly!W11:Y11) | I12: =AVERAGE(Monthly!Z11:AB11) | J12: =AVERAGE(Monthly!AC11:AE11)
A13: TMT(Raipur) IF FE500 | B13: =AVERAGE(Monthly!E12:G12) | C13: =AVERAGE(Monthly!H12:J12) | D13: =AVERAGE(Monthly!L12:N12) | E13: =AVERAGE(Monthly!O12:P12) | F13: =AVERAGE(Monthly!Q12:S12) | G13: =AVERAGE(Monthly!T12:V12) | H13: =AVERAGE(Monthly!W12:Y12) | I13: =AVERAGE(Monthly!Z12:AB12) | J13: =AVERAGE(Monthly!AC12:AE12)
A14: TMT (MUMBAI) BF FE500D | B14: =AVERAGE(Monthly!E13:G13) | C14: =AVERAGE(Monthly!H13:J13) | D14: =AVERAGE(Monthly!K13:M13) | E14: =AVERAGE(Monthly!N13:P13) | F14: =AVERAGE(Monthly!Q13:S13) | G14: =AVERAGE(Monthly!T13:V13) | H14: =AVERAGE(Monthly!W13:Y13) | I14: =AVERAGE(Monthly!Z13:AB13) | J14: =AVERAGE(Monthly!AC13:AE13)
A15: M.S Billets | B15: =AVERAGE(Monthly!E14:G14) | C15: =AVERAGE(Monthly!H14:J14) | D15: =AVERAGE(Monthly!K14:M14) | E15: =AVERAGE(Monthly!N14:P14) | F15: =AVERAGE(Monthly!Q14:S14) | G15: =AVERAGE(Monthly!T14:V14) | H15: =AVERAGE(Monthly!W14:Y14) | I15: =AVERAGE(Monthly!Z14:AB14) | J15: =AVERAGE(Monthly!AC14:AE14)
A16: M.S Ingots | B16: =AVERAGE(Monthly!E15:H15) | C16: =AVERAGE(Monthly!I15:J15) | D16: =AVERAGE(Monthly!K15:M15) | E16: =AVERAGE(Monthly!N15:P15) | F16: =AVERAGE(Monthly!Q15:S15) | G16: =AVERAGE(Monthly!T15:V15) | H16: =AVERAGE(Monthly!W15:Y15) | I16: =AVERAGE(Monthly!Z15:AB15) | J16: =AVERAGE(Monthly!AC15:AE15)
A17: Pellet 6-20 mm FE 63% (Raipur) | B17: =AVERAGE(Monthly!E16:G16) | C17: =AVERAGE(Monthly!H16:I16) | D17: =AVERAGE(Monthly!J16:L16) | E17: =AVERAGE(Monthly!M16:P16) | F17: =AVERAGE(Monthly!Q16:S16) | G17: =AVERAGE(Monthly!T16:V16) | H17: =AVERAGE(Monthly!W16:Y16) | I17: =AVERAGE(Monthly!Z16:AB16) | J17: =AVERAGE(Monthly!AC16:AE16)
A18: HRC ( 2.5-8mm,IS2062)Gr-E-250 (Mumbai) | B18: =AVERAGE(Monthly!E17:G17) | C18: =AVERAGE(Monthly!H17:J17) | D18: =AVERAGE(Monthly!K17:M17) | E18: =AVERAGE(Monthly!N17:P17) | F18: =AVERAGE(Monthly!Q17:S17) | G18: =AVERAGE(Monthly!T17:V17) | H18: =AVERAGE(Monthly!W17:Y17) | I18: =AVERAGE(Monthly!Z17:AB17) | J18: =AVERAGE(Monthly!AC17:AE17)
A19: CRC ( 0.90,IS513) CR1(Mumbai) | B19: =AVERAGE(Monthly!E18:G18) | C19: =AVERAGE(Monthly!H18:J18) | D19: =AVERAGE(Monthly!K18:M18) | E19: =AVERAGE(Monthly!N18:P18) | F19: =AVERAGE(Monthly!Q18:S18) | G19: =AVERAGE(Monthly!T18:V18) | H19: =AVERAGE(Monthly!W18:Y18) | I19: =AVERAGE(Monthly!Z18:AB18) | J19: =AVERAGE(Monthly!AC18:AE18)
A20: HR PLATE (20-40mm, Gr E-250 | B20: =AVERAGE(Monthly!E19:G19) | C20: =AVERAGE(Monthly!H19:J19) | D20: =AVERAGE(Monthly!K19:M19) | E20: =AVERAGE(Monthly!N19:P19) | F20: =AVERAGE(Monthly!Q19:S19) | G20: =AVERAGE(Monthly!T19:V19) | H20: =AVERAGE(Monthly!W19:Y19) | I20: =AVERAGE(Monthly!Z19:AB19) | J20: =AVERAGE(Monthly!AC19:AE19)
A21: GP (0.8mm,80 GSM) (Mumbai) | B21: =AVERAGE(Monthly!E20:G20) | C21: =AVERAGE(Monthly!H20:J20) | D21: =AVERAGE(Monthly!K20:M20) | E21: =AVERAGE(Monthly!N20:P20) | F21: =AVERAGE(Monthly!Q20:S20) | G21: =AVERAGE(Monthly!T20:V20) | H21: =AVERAGE(Monthly!W20:Y20) | I21: =AVERAGE(Monthly!Z20:AB20) | J21: =AVERAGE(Monthly!AC20:AE20)
A22: ERW PIPE HR COIL ( MUMBAI) IS1239 IS1161 | B22: =AVERAGE(Monthly!E21:G21) | C22: =AVERAGE(Monthly!H21:J21) | D22: =AVERAGE(Monthly!K21:M21) | E22: =AVERAGE(Monthly!N21:P21) | F22: =AVERAGE(Monthly!Q21:S21) | G22: =AVERAGE(Monthly!T21:V21) | H22: =AVERAGE(Monthly!W21:Y21) | I22: =AVERAGE(Monthly!Z21:AB21) | J22: =AVERAGE(Monthly!AC21:AE21)
A23: ERW PIPE HR COIL ( DELHI) | B23: =AVERAGE(Monthly!E22:G22) | C23: =AVERAGE(Monthly!H22:J22) | D23: =AVERAGE(Monthly!K22:M22) | E23: =AVERAGE(Monthly!N22:P22) | F23: =AVERAGE(Monthly!Q22:S22) | G23: =AVERAGE(Monthly!T22:V22) | H23: =AVERAGE(Monthly!W22:Y22) | I23: =AVERAGE(Monthly!Z22:AB22) | J23: =AVERAGE(Monthly!AC22:AE22)
A24: Galvalume, Exy-Mumbai, (0.5mm/CTL, 1220mm, AZ 150) | B24: =AVERAGE(Monthly!E23:G23) | C24: =AVERAGE(Monthly!H23:J23) | D24: =AVERAGE(Monthly!K23:M23) | E24: =AVERAGE(Monthly!N23:P23) | F24: =AVERAGE(Monthly!Q23:S23) | G24: =AVERAGE(Monthly!T23:V23) | H24: =AVERAGE(Monthly!W23:Y23) | I24: =AVERAGE(Monthly!Z23:AB23) | J24: =AVERAGE(Monthly!AC23:AE23)
A25: Galvalume, Exy-Mumbai, (0.5mm/CTL, 1220mm, AZ 70) | B25: =AVERAGE(Monthly!E24:G24) | C25: =AVERAGE(Monthly!H24:J24) | D25: =AVERAGE(Monthly!K24:M24) | E25: =AVERAGE(Monthly!N24:P24) | F25: =AVERAGE(Monthly!Q24:S24) | G25: =AVERAGE(Monthly!T24:V24) | H25: =AVERAGE(Monthly!W24:Y24) | I25: =AVERAGE(Monthly!Z24:AB24) | J25: =AVERAGE(Monthly!AC24:AE24)
A26: PPGI, Exy-Mumbai, India (0.5mm / CTL, 90 GSM, IS14246) | F26: =AVERAGE(Monthly!Q25:S25) | G26: =AVERAGE(Monthly!T25:V25) | H26: =AVERAGE(Monthly!W25:Y25) | I26: =AVERAGE(Monthly!Z25:AB25) | J26: =AVERAGE(Monthly!AC25:AE25)

Sheet Delta-Monthly
A1: Combination (A - B) | B1: April'24 | C1: May'24 | D1: June'24 | E1: July'24 | F1: Aug'24 | G1: Sept'24 | H1: Oct'24 | I1: Nov'24 | J1: Dec'24 | K1: Jan'25 | L1: Feb'25 | M1: March'25 | N1: April'25 | O1: May'25 | P1: June"25 | Q1: July"25 | R1: Aug' 25 | S1: Sept' 25 | T1: Oct'25 | U1: Nov'25 | V1: Dec'25 | W1: Jan'26 | X1: Feb'26 | Y1: Mar'25 | Z1: April'26 | AA1: May'26 | AB1: June'26 | AC1: July'26 | AD1: Current
A2: Pig Iron - TMT | B2: =Monthly!E2-Monthly!E12 | C2: =Monthly!F2-Monthly!F12 | D2: =Monthly!G2-Monthly!G12 | E2: =Monthly!H2-Monthly!H12 | F2: =Monthly!I2-Monthly!I12 | G2: =Monthly!J2-Monthly!J12 | H2: =Monthly!K2-Monthly!K12 | I2: =Monthly!L2-Monthly!L12 | ... AC2: =Monthly!AF2-Monthly!AF12 | AD2: =Monthly!AI2-Monthly!AI12
A3: Pig Iron - Billet | B3: =Monthly!E2-Monthly!E14 | C3: =Monthly!F2-Monthly!F14 | D3: =Monthly!G2-Monthly!G14 | E3: =Monthly!H2-Monthly!H14 | F3: =Monthly!I2-Monthly!I14 | G3: =Monthly!J2-Monthly!J14 | H3: =Monthly!K2-Monthly!K14 | I3: =Monthly!L2-Monthly!L14 | ... AC3: =Monthly!AF2-Monthly!AF14 | AD3: =Monthly!AI2-Monthly!AI14
A4: Pig Iron - Sponge Iron | B4: =Monthly!E2-Monthly!E10 | C4: =Monthly!F2-Monthly!F10 | D4: =Monthly!G2-Monthly!G10 | E4: =Monthly!H2-Monthly!H10 | F4: =Monthly!I2-Monthly!I10 | G4: =Monthly!J2-Monthly!J10 | H4: =Monthly!K2-Monthly!K10 | I4: =Monthly!L2-Monthly!L10 | ... AC4: =Monthly!AF2-Monthly!AF10 | AD4: =Monthly!AI2-Monthly!AI10
A5: TMT - Billet | B5: =Monthly!E12-Monthly!E14 | C5: =Monthly!F12-Monthly!F14 | D5: =Monthly!G12-Monthly!G14 | E5: =Monthly!H12-Monthly!H14 | F5: =Monthly!I12-Monthly!I14 | G5: =Monthly!J12-Monthly!J14 | H5: =Monthly!K12-Monthly!K14 | I5: =Monthly!L12-Monthly!L14 | ... AC5: =Monthly!AF12-Monthly!AF14 | AD5: =Monthly!AI12-Monthly!AI14
A6: TMT - Sponge Iron | B6: =Monthly!E12-Monthly!E10 | C6: =Monthly!F12-Monthly!F10 | D6: =Monthly!G12-Monthly!G10 | E6: =Monthly!H12-Monthly!H10 | F6: =Monthly!I12-Monthly!I10 | G6: =Monthly!J12-Monthly!J10 | H6: =Monthly!K12-Monthly!K10 | I6: =Monthly!L12-Monthly!L10 | ... AC6: =Monthly!AF12-Monthly!AF10 | AD6: =Monthly!AI12-Monthly!AI10
A7: Billet - Sponge Iron | B7: =Monthly!E14-Monthly!E10 | C7: =Monthly!F14-Monthly!F10 | D7: =Monthly!G14-Monthly!G10 | E7: =Monthly!H14-Monthly!H10 | F7: =Monthly!I14-Monthly!I10 | G7: =Monthly!J14-Monthly!J10 | H7: =Monthly!K14-Monthly!K10 | I7: =Monthly!L14-Monthly!L10 | ... AC7: =Monthly!AF14-Monthly!AF10 | AD7: =Monthly!AI14-Monthly!AI10

Sheet Delta Quarterly
A1: Combination (A - B) | B1: 2024-2025 | F1: 2025-2026 | J1: 2026-27
B2: Quarter 1 | C2: Quarter 2 | D2: Quarter 3 | E2: Quarter 4 | F2: Quarter 1 | G2: Quarter 2 | H2: Quarter 3 | I2: Quarter 4 | J2: Quarter 1 | K2: Quarter 2 | L2: Quarter 3 | M2: Quarter 4
A3: Pig Iron - TMT | B3: =Quarterly!B3-Quarterly!B13 | C3: =Quarterly!C3-Quarterly!C13 | D3: =Quarterly!D3-Quarterly!D13 | E3: =Quarterly!E3-Quarterly!E13 | F3: =Quarterly!F3-Quarterly!F13 | G3: =Quarterly!G3-Quarterly!G13 | H3: =Quarterly!H3-Quarterly!H13 | I3: =Quarterly!I3-Quarterly!I13 | ... M3: =Quarterly!M3-Quarterly!M13
A4: Pig Iron - Billet | B4: =Quarterly!B3-Quarterly!B15 | C4: =Quarterly!C3-Quarterly!C15 | D4: =Quarterly!D3-Quarterly!D15 | E4: =Quarterly!E3-Quarterly!E15 | F4: =Quarterly!F3-Quarterly!F15 | G4: =Quarterly!G3-Quarterly!G15 | H4: =Quarterly!H3-Quarterly!H15 | I4: =Quarterly!I3-Quarterly!I15 | ... M4: =Quarterly!M3-Quarterly!M15
A5: Pig Iron - Sponge Iron | B5: =Quarterly!B3-Quarterly!B11 | C5: =Quarterly!C3-Quarterly!C11 | D5: =Quarterly!D3-Quarterly!D11 | E5: =Quarterly!E3-Quarterly!E11 | F5: =Quarterly!F3-Quarterly!F11 | G5: =Quarterly!G3-Quarterly!G11 | H5: =Quarterly!H3-Quarterly!H11 | I5: =Quarterly!I3-Quarterly!I11 | ... M5: =Quarterly!M3-Quarterly!M11
A6: TMT - Billet | B6: =Quarterly!B13-Quarterly!B15 | C6: =Quarterly!C13-Quarterly!C15 | D6: =Quarterly!D13-Quarterly!D15 | E6: =Quarterly!E13-Quarterly!E15 | F6: =Quarterly!F13-Quarterly!F15 | G6: =Quarterly!G13-Quarterly!G15 | H6: =Quarterly!H13-Quarterly!H15 | I6: =Quarterly!I13-Quarterly!I15 | ... M6: =Quarterly!M13-Quarterly!M15
A7: TMT - Sponge Iron | B7: =Quarterly!B13-Quarterly!B11 | C7: =Quarterly!C13-Quarterly!C11 | D7: =Quarterly!D13-Quarterly!D11 | E7: =Quarterly!E13-Quarterly!E11 | F7: =Quarterly!F13-Quarterly!F11 | G7: =Quarterly!G13-Quarterly!G11 | H7: =Quarterly!H13-Quarterly!H11 | I7: =Quarterly!I13-Quarterly!I11 | ... M7: =Quarterly!M13-Quarterly!M11
A8: Billet - Sponge Iron | B8: =Quarterly!B15-Quarterly!B11 | C8: =Quarterly!C15-Quarterly!C11 | D8: =Quarterly!D15-Quarterly!D11 | E8: =Quarterly!E15-Quarterly!E11 | F8: =Quarterly!F15-Quarterly!F11 | G8: =Quarterly!G15-Quarterly!G11 | H8: =Quarterly!H15-Quarterly!H11 | I8: =Quarterly!I15-Quarterly!I11 | ... M8: =Quarterly!M15-Quarterly!M11

Sheet Monthly Copy
A1: Material | B1: Link (T-1 Prices) | C1: Link (Monthly Average) | E1: April'24 | F1: May'24 | G1: June'24 | H1: July'24 | I1: Aug'24 | J1: Sept'24 | K1: Oct'24 | L1: Nov'24 | M1: Dec'24 | N1: Jan'25 | O1: Feb'25 | P1: March'25 | Q1: April'25 | R1: May'25 | S1: June"25 | T1: July"25 | U1: Aug' 25 | V1: Sept' 25 | W1: Oct'25 | X1: Nov'25 | Y1: Dec'25 | Z1: Jan'26 | AA1: Feb'26 | AB1: Mar'26 | AC1: April'26 | AD1: May'26 | AE1: June'26 | AF1: July'26 | AG1: Current | AH1: Link (Monthly Average) | AI1: url | AJ1: Link (T-1 Prices) | AK1: Link (Monthly Average)
A2: Pig Iron(Raipur)(SG) | B2: Pig Iron Prices – Daily Market Rates & Trends | BigMint | C2: Pig Iron, DAP-Raipur, India | BigMint | E2: 40032.69 | F2: 42674.07 | G2: 39478 | H2: 38025.93 | I2: 36812 | J2: 36724 | K2: 38275 | L2: 34677.08 | M2: 32498 | N2: 32537.04 | O2: 33358.33 | P2: 35887.5 | Q2: 35834.6 | R2: 33538 | S2: 32810 | T2: 32987 | U2: 33672 | V2: 33092 | W2: 32255 | X2: 32388 | Y2: 33023 | Z2: 37477 | AA2: 38167 | AB2: 37790 | AC2: 39498 | AD2: 39017 | AE2: 37429 | AF2: 37905.56 | AG2: 38600 | AH2: Pig Iron, DAP-Raipur, India | BigMint | AI2: https://www.bigmint.co/prices/detail/pig-iron-dap-raipur-india-1102-f-INR | AJ2: Pig Iron Prices – Daily Market Rates & Trends | BigMint | AK2: Pig Iron, DAP-Raipur, India | BigMint
A3: Pig Iron(ludhiana-SG) | B3: Pig Iron Prices – Daily Market Rates & Trends | BigMint | C3: Pig Iron, DAP-Ludhiana, India | BigMint | E3: 41280.77 | F3: 43303.7 | G3: 41458.33 | H3: 40527.78 | I3: 39998 | J3: 38638 | K3: 39679.17 | L3: 38268.75 | M3: 36324 | N3: 35575.93 | O3: 36418.75 | P3: 38689.58 | Q3: 38457 | R3: 36253 | S3: 35856 | T3: 35422 | U3: 35737 | V3: 35221 | W3: 34707 | X3: 35044 | Y3: 35413 | Z3: 39548 | AA3: 40211 | AB3: 40060 | AC3: 42584 | AD3: 42265 | AE3: 41696 | AF3: 40744.44 | AG3: 40400 | AH3: Pig Iron, DAP-Ludhiana, India | BigMint | AI3: https://www.bigmint.co/prices/detail/pig-iron-dap-ludhiana-india-1100-f-INR | AJ3: Pig Iron Prices – Daily Market Rates & Trends | BigMint | AK3: Pig Iron, DAP-Ludhiana, India | BigMint
A4: Pig Iron(Durgapur SG) | B4: Pig Iron Prices – Daily Market Rates & Trends | BigMint | C4: Pig Iron, Exw-Durgapur, India | BigMint | E4: 40659.62 | F4: 42677.78 | G4: 38818 | H4: 37714.81 | I4: 36776 | J4: 36560 | K4: 39334.09 | L4: 35364 | M4: 33280 | N4: 33411.11 | O4: 33002.08 | P4: 35764.58 | Q4: 35128 | R4: 32914 | S4: 32378 | T4: 32461 | U4: 32583 | V4: 32494 | W4: 31645 | X4: 32204 | Y4: 32710 | Z4: 37254 | AA4: 38444 | AB4: 37923 | AC4: 40240 | AD4: 38348 | AE4: 37862 | AF4: 37702.94 | AG4: 37700 | AH4: Pig Iron, Exw-Durgapur, India | BigMint | AI4: https://www.bigmint.co/prices/detail/pig-iron-exw-durgapur-india-1096-f-INR | AJ4: Pig Iron Prices – Daily Market Rates & Trends | BigMint | AK4: Pig Iron, Exw-Durgapur, India | BigMint
A5: Pig Iron(Hyderabad SG) | B5: Pig Iron Prices – Daily Market Rates & Trends | BigMint | C5: Pig Iron, DAP-Hyderabad, India | BigMint | E5: 39188.46 | F5: 42151.85 | G5: 39488 | H5: 38329.63 | I5: 38140 | J5: 37552 | K5: 38362.5 | L5: 36580 | M5: 33742 | N5: 33300 | O5: 33812.5 | P5: 35570.83 | Q5: 36676 | R5: 35337 | S5: 33864 | T5: 33280 | U5: 32883 | V5: 32746 | W5: 32273 | X5: 32908 | Y5: 33008 | Z5: 37460 | AA5: 37811 | AB5: 37571 | AC5: 39124 | AD5: 38311 | AE5: 37127 | AF5: 37194.44 | AG5: 37800 | AH5: Pig Iron, DAP-Hyderabad, India | BigMint | AI5: https://www.bigmint.co/prices/detail/pig-iron-dap-hyderabad-india-1098-f-INR | AJ5: Pig Iron Prices – Daily Market Rates & Trends | BigMint | AK5: Pig Iron, DAP-Hyderabad, India | BigMint
A6: Pig Iron(ludhiana-FG) | B6: Pig Iron Prices – Daily Market Rates & Trends | BigMint | C6: Pig Iron, DAP-Ludhiana, India | BigMint | E6: 44919.23 | F6: 46353.85 | G6: 45012.5 | H6: 43366.67 | I6: 43736 | J6: 42672 | K6: 42762.5 | L6: 41108.33 | M6: 40016 | N6: 38700 | O6: 39004.17 | P6: 41917.39 | Q6: 42142 | R6: 39618 | S6: 38356 | T6: 38228 | U6: 38800 | V6: 38177 | W6: 37286 | X6: 38096 | Y6: 38096 | Z6: 41727 | AA6: 42628 | AB6: 43192 | AC6: 45324 | AD6: 44458 | AE6: 45644 | AF6: 45564.71 | AG6: 45400 | AH6: Pig Iron, DAP-Ludhiana, India | BigMint | AI6: https://www.bigmint.co/prices/detail/pig-iron-dap-ludhiana-india-1108-f-INR | AJ6: Pig Iron Prices – Daily Market Rates & Trends | BigMint | AK6: Pig Iron, DAP-Ludhiana, India | BigMint
A7: Pig Iron(Durgapur FG) | B7: Pig Iron Prices – Daily Market Rates & Trends | BigMint | C7: Pig Iron, Exw-Durgapur, India | BigMint | E7: 43961.54 | F7: 46384.62 | G7: 45060 | H7: 43611.11 | I7: 42300 | J7: 41500 | K7: 42409.09 | L7: 41100 | M7: 38740 | N7: 37500 | O7: 37500 | P7: 38978.26 | Q7: 40000 | R7: 29251 | S7: 37250 | T7: 37628 | U7: 38000 | V7: 37087 | W7: 37000 | X7: 37,000 | Y7: 37000 | Z7: 40000 | AA7: 41500 | AB7: 41500 | AC7: 44580 | AD7: 44308 | AE7: 43360 | AF7: 43000 | AG7: 43000 | AH7: Pig Iron, Exw-Durgapur, India | BigMint | AI7: https://www.bigmint.co/prices/detail/pig-iron-exw-durgapur-india-1105-f-INR | AJ7: Pig Iron Prices – Daily Market Rates & Trends | BigMint | AK7: Pig Iron, Exw-Durgapur, India | BigMint
A8: End Cutting(Raipur) | B8: Melting Scrap Prices – Live Market Updates | BigMint | C8: Melting Scrap, DAP-Raipur, India | BigMint | E8: 38421.15 | F8: 40285.19 | G8: 38964 | H8: 37259.26 | I8: 36046 | J8: 35558 | K8: 37041.67 | L8: 35408.33 | M8: 34130 | N8: 34490.74 | O8: 34550 | P8: 35764.58 | Q8: 35778 | R8: 34183 | S8: 33718 | T8: 33058 | U8: 33691 | V8: 33958 | W8: 32732 | X8: 33016 | Y8: 33498 | Z8: 35733 | AA8: 36389 | AB8: 36997 | AC8: 37844 | AD8: 37096 | AE8: 36612 | AF8: 36322.22 | AG8: 36300 | AH8: Melting Scrap, DAP-Raipur, India | BigMint | AI8: https://www.bigmint.co/prices/detail/melting-scrap-dap-raipur-india-1040-f-INR | AJ8: Melting Scrap Prices – Live Market Updates | BigMint | AK8: Melting Scrap, DAP-Raipur, India | BigMint
A9: HMS 80:20(Raipur) | B9: Melting Scrap Prices – Live Market Updates | BigMint | C9: Melting Scrap, DAP-Raipur, India | BigMint | E9: 36413.46 | F9: 38329.63 | G9: 36952 | H9: 35264.81 | I9: 34046 | J9: 33558 | K9: 35041.67 | L9: 33408.33 | M9: 32130 | N9: 32490.74 | O9: 32550 | P9: 33766.67 | Q9: 33778 | R9: 32181 | S9: 31718 | T9: 31054 | U9: 31691 | V9: 31942 | W9: 30714 | X9: 30996 | Y9: 31465 | Z9: 33678 | AA9: 34347 | AB9: 34888 | AC9: 35796 | AD9: 35063 | AE9: 34450 | AF9: 34144.44 | AG9: 34000 | AH9: Melting Scrap, DAP-Raipur, India | BigMint | AI9: https://www.bigmint.co/prices/detail/melting-scrap-dap-raipur-india-1041-f-INR | AJ9: Melting Scrap Prices – Live Market Updates | BigMint | AK9: Melting Scrap, DAP-Raipur, India | BigMint
A10: P-DRI (RAIPUR) | B10: Sponge Iron Prices – Daily Market Rates | BigMint | C10: Sponge Iron, PDRI, Exw-Raipur, India | BigMint | E10: 29067.31 | F10: 29253.7 | G10: 26708 | H10: 25572.22 | I10: 24666 | J10: 25510 | K10: 27500 | L10: 25552.08 | M10: 24650 | N10: 24477.78 | O10: 24812.5 | P10: 25587.5 | Q10: 25759 | R10: 24151 | S10: 22862 | T10: 23664 | U10: 24093 | V10: 24082 | W10: 22905 | X10: 23412 | Y10: 23261 | Z10: 24683 | AA10: 27081 | AB10: 26725 | AC10: 26420 | AD10: 25358 | AE10: 24183 | AF10: 23422.22 | AG10: 23850 | AH10: Sponge Iron, PDRI, Exw-Raipur, India | BigMint | AI10: https://www.bigmint.co/prices/detail/sponge-iron-pdri-exw-raipur-india-1091-f-INR | AJ10: Sponge Iron Prices – Daily Market Rates | BigMint | AK10: Sponge Iron, PDRI, Exw-Raipur, India | BigMint
A11: TMT(Mumbai) IF FE500 | B11: Rebar Prices – Daily Steel TMT & Rebar Market Rates | BigMint | C11: Rebar, Exw-Mumbai, India | BigMint | E11: 50542.31 | F11: 52922.22 | G11: 50512 | H11: 46714.81 | I11: 45268 | J11: 45736 | K11: 48254.17 | L11: 47479.17 | M11: 46896 | N11: 47074.07 | O11: 47945.83 | P11: 49358.33 | Q11: 49403 | R11: 47796 | S11: 44820 | T11: 43484 | U11: 45418 | V11: 44138 | W11: 42232 | X11: 42708 | Y11: 44965 | Z11: 49444 | AA11: 49906 | AB11: 51026 | AC11: 52156 | AD11: 47680 | AE11: 45581 | AF11: 43427.78 | AG11: 44200 | AH11: Rebar, Exw-Mumbai, India | BigMint | AI11: https://www.bigmint.co/prices/detail/rebar-exw-mumbai-india-1122-f-INR | AJ11: Rebar Prices – Daily Steel TMT & Rebar Market Rates | BigMint | AK11: Rebar, Exw-Mumbai, India | BigMint
A12: TMT(Raipur) IF FE500 | B12: Rebar Prices – Daily Steel TMT & Rebar Market Rates | BigMint | C12: Rebar, Exw-Raipur, India | BigMint | E12: 46315.38 | F12: 47725.93 | G12: 46328 | H12: 42385.19 | I12: 41492 | J12: 41944 | K12: 44304.17 | L12: 42600 | M12: 42020 | N12: 41755.56 | O12: 42587.5 | P12: 44304.17 | Q12: 45496 | R12: 43585 | S12: 41184 | T12: 39628 | U12: 39822 | V12: 39648 | W12: 38095 | X12: 38248 | Y12: 40015 | Z12: 43804 | AA12: 44772 | AB12: 46075 | AC12: 47060 | AD12: 43565 | AE12: 41646 | AF12: 40083.33 | AG12: 39400 | AH12: Rebar, Exw-Raipur, India | BigMint | AI12: https://www.bigmint.co/prices/detail/rebar-exw-raipur-india-1117-f-INR | AJ12: Rebar Prices – Daily Steel TMT & Rebar Market Rates | BigMint | AK12: Rebar, Exw-Raipur, India | BigMint
A13: TMT (MUMBAI) BF FE500D | B13: Rebar Prices – Daily Steel TMT & Rebar Market Rates | BigMint | C13: Rebar, Exy-Mumbai, India | BigMint | E13: 54550 | F13: 58340 | G13: 57375 | H13: 53375 | I13: 50180 | J13: 50425 | K13: 53750 | L13: 54475 | M13: 52875 | N13: 52340 | O13: 52800 | P13: 54925 | Q13: 57050 | R13: 56280 | S13: 52525 | T13: 48750 | U13: 48080 | V13: 47075 | W13: 47000 | X13: 47000 | Y13: 47750 | Z13: 54483 | AA13: 58533 | AB13: 59756 | AC13: 60250 | AD13: 57789 | AE13: 52544 | AF13: 48683.33 | AG13: 47900 | AH13: Rebar, Exy-Mumbai, India | BigMint | AI13: https://www.bigmint.co/prices/detail/rebar-exy-mumbai-india-1127-f-INR | AJ13: Rebar Prices – Daily Steel TMT & Rebar Market Rates | BigMint | AK13: Rebar, Exy-Mumbai, India | BigMint
A14: M.S Billets | B14: Billet, Bloom & Ingot Prices – Steel Market Rates Today | BigMint | C14: Billet Index, Exw-Raipur, India | BigMint | E14: 42857.69 | F14: 44537.04 | G14: 42546 | H14: 39368.52 | I14: 38504 | J14: 38342 | K14: 40679.17 | L14: 39197.92 | M14: 38932 | N14: 39070.37 | O14: 39335.42 | P14: 40662.5 | Q14: 41371 | R14: 39868 | S14: 37878 | T14: 36974 | U14: 37430 | V14: 36787 | W14: 35152 | X14: 35554 | Y14: 37175 | Z14: 40504 | AA14: 41236 | AB14: 41600 | AC14: 42474 | AD14: 40148 | AE14: 38819 | AF14: 37988.89 | AG14: 37900 | AH14: Billet Index, Exw-Raipur, India | BigMint | AI14: https://www.bigmint.co/prices/detail/billet-index-exw-raipur-india-1067-f-INR | AJ14: Billet, Bloom & Ingot Prices – Steel Market Rates Today | BigMint | AK14: Billet Index, Exw-Raipur, India | BigMint
A15: M.S Ingots | B15: Billet, Bloom & Ingot Prices – Steel Market Rates Today | BigMint | C15: Ingot, Exw-Raipur, India | BigMint | E15: 42425 | F15: 44040.74 | G15: 42212 | H15: 38972.22 | I15: 38200 | J15: 38068 | K15: 40416.67 | L15: 38879.17 | M15: 38636 | N15: 38703.7 | O15: 38962.5 | P15: 40214.58 | Q15: 41069 | R15: 39540 | S15: 37646 | T15: 36660 | U15: 37091 | V15: 36398 | W15: 34736 | X15: 35154 | Y15: 36725 | Z15: 40050 | AA15: 40792 | AB15: 41256 | AC15: 42098 | AD15: 39773 | AE15: 38433 | AF15: 37666.67 | AG15: 37500 | AH15: Ingot, Exw-Raipur, India | BigMint | AI15: https://www.bigmint.co/prices/detail/ingot-exw-raipur-india-1275-f-INR | AJ15: Billet, Bloom & Ingot Prices – Steel Market Rates Today | BigMint | AK15: Ingot, Exw-Raipur, India | BigMint
A16: Pellet 6-20 mm FE 63% (Raipur) | B16: Iron Ore Pellets Prices – Live Market Updates | BigMint | C16: Pellet Index, PELLEX, DAP-Raipur, India | BigMint | E16: 9683.33 | F16: 10533.33 | G16: 10306.25 | H16: 9183.33 | I16: 8972.22 | J16: 8756.25 | K16: 10144.44 | L16: 9655.56 | M16: 9183.33 | N16: 9533.33 | O16: 9818.75 | P16: 9978.57 | Q16: 10161.11 | R16: 9522 | S16: 9087 | T16: 9450 | U16: 10211 | V16: 10278 | W16: 10186 | X16: 9769 | Y16: 9500 | Z16: 9772 | AA16: 10433 | AB16: 10867 | AC16: 10606 | AD16: 9817 | AE16: 9278 | AF16: 9466.67 | AG16: 9850 | AH16: Pellet Index, PELLEX, DAP-Raipur, India | BigMint | AI16: https://www.bigmint.co/prices/detail/pellet-index-pellex-dap-raipur-india-1401-f-INR | AJ16: Iron Ore Pellets Prices – Live Market Updates | BigMint | AK16: Pellet Index, PELLEX, DAP-Raipur, India | BigMint
A17: HRC ( 2.5-8mm,IS2062)Gr-E-250 (Mumbai) | B17: HRC Prices – Hot Rolled Coil Market Rates Today | BigMint | C17: HRC, Exy-Mumbai, India | BigMint | E17: 52627.78 | F17: 54100 | G17: 53837.5 | H17: 52266.67 | I17: 50544.44 | J17: 48028.57 | K17: 48222.22 | L17: 48062.5 | M17: 46877.78 | N17: 47044.44 | O17: 48412.5 | P17: 50342.86 | Q17: 52033 | R17: 52033 | S17: 51050 | T17: 49422 | U17: 49894 | V17: 49144 | W17: 48033 | X17: 46750 | Y17: 47100 | Z17: 51989 | AA17: 53717 | AB17: 56611 | AC17: 59063 | AD17: 58456 | AE17: 58267 | AF17: 57666.67 | AG17: 57800 | AH17: HRC, Exy-Mumbai, India | BigMint | AI17: https://www.bigmint.co/prices/detail/hrc-exy-mumbai-india-1234-f-INR | AJ17: HRC Prices – Hot Rolled Coil Market Rates Today | BigMint | AK17: HRC, Exy-Mumbai, India | BigMint
A18: CRC ( 0.90,IS513) CR1(Mumbai) | B18: CRC Prices – Cold Rolled Coil Market Rates Today | BigMint | C18: CRC, Exy-Mumbai, India | BigMint | E18: 61200 | F18: 61011.11 | G18: 60337.5 | H18: 59555.56 | I18: 57688.89 | J18: 55942.86 | K18: 55733.33 | L18: 55237.5 | M18: 53577.78 | N18: 53533.33 | O18: 54537.5 | P18: 56971.43 | Q18: 58588 | R18: 58900 | S18: 58062 | T18: 56289 | U18: 56922 | V18: 56250 | W18: 55483 | X18: 54838 | Y18: 54500 | Z18: 57822 | AA18: 59633 | AB18: 63244 | AC18: 66463 | AD18: 65222 | AE18: 65200 | AF18: 65033.33 | AG18: 65000 | AH18: CRC, Exy-Mumbai, India | BigMint | AI18: https://www.bigmint.co/prices/detail/crc-exy-mumbai-india-1243-f-INR | AJ18: CRC Prices – Cold Rolled Coil Market Rates Today | BigMint | AK18: CRC, Exy-Mumbai, India | BigMint
A19: HR PLATE (20-40mm, Gr E-250 | B19: HR Plate Prices – Hot Rolled Plate Market Rates Today | BigMint | C19: HR Plate, Exy-Mumbai, India | BigMint | E19: 57175 | F19: 57800 | G19: 58000 | H19: 56840 | I19: 54925 | J19: 53266.67 | K19: 53575 | L19: 52525 | M19: 50840 | N19: 52125 | O19: 52400 | P19: 53475 | Q19: 55100 | R19: 55200 | S19: 54850 | T19: 54475 | U19: 54525 | V19: 54125 | W19: 52575 | X19: 52100 | Y19: 51740 | Z19: 55250 | AA19: 58100 | AB19: 59200 | AC19: 61980 | AD19: 60725 | AE19: 60700 | AF19: 60533.33 | AG19: 60300 | AH19: HR Plate, Exy-Mumbai, India | BigMint | AI19: https://www.bigmint.co/prices/detail/hr-plate-exy-mumbai-india-1496-f-INR | AJ19: HR Plate Prices – Hot Rolled Plate Market Rates Today | BigMint | AK19: HR Plate, Exy-Mumbai, India | BigMint
... A22: ERW PIPE HR COIL ( DELHI) | B22: Steel Pipes Prices – Market Rates for MS & GI Pipes | BigMint | C22: ERW Pipe (HR Coil based), Exy-Delhi, India | BigMint | E22: 61750 | F22: 61800 | G22: 61750 | H22: 59000 | I22: 55750 | J22: 52500 | K22: 52000 | L22: 52750 | M22: 52500 | N22: 52500 | O22: 54250 | P22: 57000 | Q22: 59880 | R22: 60625 | S22: 59500 | T22: 57125 | U22: 57000 | V22: 57000 | W22: 56300 | X22: 55650 | Y22: 54900 | Z22: 59850 | AA22: 61067 | AB22: 61788 | AC22: 66260 | AD22: 65100 | AE22: 63350 | AF22: 62200 | AG22: 62200 | AH22: ERW Pipe (HR Coil based), Exy-Delhi, India | BigMint | AI22: https://www.bigmint.co/prices/detail/erw-pipe-hr-coil-based-exy-delhi-india-1426-f-INR | AJ22: Steel Pipes Prices – Market Rates for MS & GI Pipes | BigMint | AK22: ERW Pipe (HR Coil based), Exy-Delhi, India | BigMint
A23: Galvalume, Exy-Mumbai, (0.5mm/CTL, 1220mm, AZ 150) | E23: 83600 | F23: 83260 | G23: 83075 | H23: 81625 | I23: 79140 | J23: 77275 | K23: 76425 | L23: 76675 | M23: 75200 | N23: 74060 | O23: 74525 | P23: 76025 | Q23: 77775 | R23: 79460 | S23: 78000 | T23: 76580 | U23: 79600 | V23: 77625 | W23: 76188 | X23: 75625 | Y23: 74575 | Z23: 77180 | AA23: 79667 | AB23: 83475 | AC23: 90160 | AD23: 89325 | AE23: 89875 | AF23: 89500 | AG23: 89500 | AH23: Galvalume, Exy-Mumbai, India (0.5mm / CTL, 1220mm, AZ 150, IS15961) | AI23: https://www.bigmint.co/prices/detail/galvalume-exy-mumbai-india-1521-f-INR
A24: Galvalume, Exy-Mumbai, (0.5mm/CTL, 1220mm, AZ 70) | E24: 80600 | F24: 80260 | G24: 80075 | H24: 78625 | I24: 76120 | J24: 74325 | K24: 73800 | L24: 73775 | M24: 72175 | N24: 71060 | O24: 71350 | P24: 72950 | Q24: 74775 | R24: 76460 | S24: 75250 | T24: 73560 | U24: 76600 | V24: 74625 | W24: 73188 | X24: 72625 | Y24: 71575 | Z24: 74180 | AA24: 76666 | AB24: 80475 | AC24: 87160 | AD24: 86325 | AE24: 86875 | AF24: 86500 | AG24: 86500 | AH24: Galvalume, Exy-Mumbai, India (0.5mm / CTL, 1220mm, AZ 70, IS15961) | AI24: https://www.bigmint.co/prices/detail/galvalume-exy-mumbai-india-1518-f-INR
A25: PPGI, Exy-Mumbai, India (0.5mm / CTL, 90 GSM, IS14246) | E25: — | F25: — | G25: — | H25: — | I25: — | J25: — | K25: — | L25: — | M25: — | N25: — | O25: — | P25: — | Q25: 73425 | R25: 74440 | S25: 74025 | T25: 77620 | U25: 73750 | V25: 73150 | W25: 69925 | X25: 68600 | Y25: 69175 | Z25: 73720 | AA25: 77100 | AB25: 79000 | AC25: 87700 | AD25: 85700 | AE25: 85275 | AF25: 85200 | AG25: 85200 | AH25: PPGI, Exy-Mumbai, India (0.5mm / CTL, 90 GSM, IS14246) | AI25: https://www.bigmint.co/prices/detail/ppgi-exy-mumbai-india-1369-f-INR

Sheet Charts
